{
  "processed_files": {
    "Aggies 06.10.25.xlsx": {
      "name": "Aggies 06.10.25.xlsx",
      "modified": 1749586879.0,
      "size": 436042
    },
    "Aggies 06.13.25.xlsx": {
      "name": "Aggies 06.13.25.xlsx",
      "modified": 1749846623.9839933,
      "size": 435095
    },
    "Aggies 06.19.25.xlsx": {
      "name": "Aggies 06.19.25.xlsx",
      "modified": 1750631085.273929,
      "size": 443950
    }
  }
}